{
  "name": "angular-contenteditable",
  "version": "0.3.8",
  "main": "angular-contenteditable.js",
  "ignore": [
    ".*",
    "README.md",
    "Gruntfile.coffee",
    "package.json",
    "components",
    "node_modules",
    "src",
    "test"
  ],
  "devDependencies": {
    "angular": "*",
    "angular-mocks": "~1.0.5",
    "angular-scenario": "~1.0.5",
    "expect": "~0.2.0",
    "jquery": "~2.0.2",
    "bootstrap-css": "~2.3.2",
    "angular-bootstrap": "~0.4.0"
  },
  "homepage": "https://github.com/akatov/angular-contenteditable",
  "_release": "0.3.8",
  "_resolution": {
    "type": "version",
    "tag": "0.3.8",
    "commit": "43fef4a0f1b7878e82ea5427fafc650c31ca4fa6"
  },
  "_source": "https://github.com/akatov/angular-contenteditable.git",
  "_target": "^0.3.8",
  "_originalSource": "angular-contenteditable",
  "_direct": true
}