{
  "name": "jquery-highlighttextarea",
  "version": "3.1.3",
  "authors": [
    {
      "name": "Damien \"Mistic\" Sorel",
      "homepage": "http://www.strangeplanet.fr"
    },
    {
      "name": "Gary Sieling",
      "homepage": "https://www.garysieling.com/blog"
    }
  ],
  "description": "Allows highlighting words and sentences in textareas",
  "license": "MIT",
  "homepage": "http://garysieling.github.io/jquery-highlighttextarea/",
  "main": [
    "jquery.highlighttextarea.css",
    "jquery.highlighttextarea.js"
  ],
  "dependencies": {
    "jquery": ">1.9"
  },
  "keywords": [
    "textarea",
    "input",
    "highlight"
  ],
  "repository": {
    "type": "git",
    "url": "git://github.com/garysieling/jquery-highlighttextarea.git"
  },
  "ignore": [
    "**/.*",
    "node_modules",
    "bower_components",
    "test",
    "tests"
  ],
  "_release": "3.1.3",
  "_resolution": {
    "type": "version",
    "tag": "3.1.3",
    "commit": "82705f2c93294a8a720d2a0d04d50210f8ef8cf9"
  },
  "_source": "https://github.com/garysieling/jquery-highlighttextarea.git",
  "_target": "^3.1.3",
  "_originalSource": "jquery-highlighttextarea",
  "_direct": true
}